/home/alrescha/Code/isoforks2/mannutest/APCisos.base/ce.1.0.APC.base.gff,8.0,1.0
/home/alrescha/Code/isoforks2/mannutest/APCisos.base/ce.1.10.APC.base.gff,26.0,0.8982154826854546
/home/alrescha/Code/isoforks2/mannutest/APCisos.base/ce.1.103.APC.base.gff,11.0,0.4857142857142857
/home/alrescha/Code/isoforks2/mannutest/APCisos.base/ce.1.108.APC.base.gff,5.0,0.03758071068136463
/home/alrescha/Code/isoforks2/mannutest/APCisos.base/ce.1.11.APC.base.gff,9.0,0.8857142857142857
/home/alrescha/Code/isoforks2/mannutest/APCisos.base/ce.1.111.APC.base.gff,12.0,1.0
/home/alrescha/Code/isoforks2/mannutest/APCisos.base/ce.1.113.APC.base.gff,18.0,0.30952380952380953
/home/alrescha/Code/isoforks2/mannutest/APCisos.base/ce.1.120.APC.base.gff,8.0,0.4019653583567354
/home/alrescha/Code/isoforks2/mannutest/APCisos.base/ce.1.121.APC.base.gff,96.0,4.314041676823826e-09
/home/alrescha/Code/isoforks2/mannutest/APCisos.base/ce.1.124.APC.base.gff,9.0,0.8857142857142857
/home/alrescha/Code/isoforks2/mannutest/APCisos.base/ce.1.125.APC.base.gff,6.0,0.6631172453203822
/home/alrescha/Code/isoforks2/mannutest/APCisos.base/ce.1.128.APC.base.gff,6.0,0.6857142857142857
/home/alrescha/Code/isoforks2/mannutest/APCisos.base/ce.1.129.APC.base.gff,30.0,0.8744592481051268
/home/alrescha/Code/isoforks2/mannutest/APCisos.base/ce.1.137.APC.base.gff,5.0,0.4857142857142857
/home/alrescha/Code/isoforks2/mannutest/APCisos.base/ce.1.138.APC.base.gff,28.0,0.13203463203463203
/home/alrescha/Code/isoforks2/mannutest/APCisos.base/ce.1.139.APC.base.gff,8.0,1.0
/home/alrescha/Code/isoforks2/mannutest/APCisos.base/ce.1.141.APC.base.gff,9.0,0.8845494388529623
/home/alrescha/Code/isoforks2/mannutest/APCisos.base/ce.1.148.APC.base.gff,55.0,0.0017011082156570155
/home/alrescha/Code/isoforks2/mannutest/APCisos.base/ce.1.15.APC.base.gff,29.0,0.09307359307359307
/home/alrescha/Code/isoforks2/mannutest/APCisos.base/ce.1.150.APC.base.gff,15.0,0.6884038632756921
/home/alrescha/Code/isoforks2/mannutest/APCisos.base/ce.1.152.APC.base.gff,9.0,0.8857142857142857
/home/alrescha/Code/isoforks2/mannutest/APCisos.base/ce.1.156.APC.base.gff,7.0,0.8857142857142857
/home/alrescha/Code/isoforks2/mannutest/APCisos.base/ce.1.173.APC.base.gff,12.0,1.0
/home/alrescha/Code/isoforks2/mannutest/APCisos.base/ce.1.177.APC.base.gff,8.0,0.42063492063492064
/home/alrescha/Code/isoforks2/mannutest/APCisos.base/ce.1.187.APC.base.gff,31.0,0.4217011237110072
/home/alrescha/Code/isoforks2/mannutest/APCisos.base/ce.1.19.APC.base.gff,58.0,0.8955142436987509
/home/alrescha/Code/isoforks2/mannutest/APCisos.base/ce.1.191.APC.base.gff,35.0,0.20862470862470864
/home/alrescha/Code/isoforks2/mannutest/APCisos.base/ce.1.192.APC.base.gff,12.0,0.0005823084891850472
/home/alrescha/Code/isoforks2/mannutest/APCisos.base/ce.1.194.APC.base.gff,35.0,0.792746526993248
/home/alrescha/Code/isoforks2/mannutest/APCisos.base/ce.1.200.APC.base.gff,3.0,0.2
/home/alrescha/Code/isoforks2/mannutest/APCisos.base/ce.1.202.APC.base.gff,14.0,0.834035229790992
/home/alrescha/Code/isoforks2/mannutest/APCisos.base/ce.1.204.APC.base.gff,35.0,0.27086380567653046
/home/alrescha/Code/isoforks2/mannutest/APCisos.base/ce.1.206.APC.base.gff,15.0,0.6991341991341992
/home/alrescha/Code/isoforks2/mannutest/APCisos.base/ce.1.208.APC.base.gff,9.0,0.8857142857142857
/home/alrescha/Code/isoforks2/mannutest/APCisos.base/ce.1.214.APC.base.gff,58.0,0.17601113844463978
/home/alrescha/Code/isoforks2/mannutest/APCisos.base/ce.1.215.APC.base.gff,6.0,0.6857142857142857
/home/alrescha/Code/isoforks2/mannutest/APCisos.base/ce.1.217.APC.base.gff,5.0,0.4857142857142857
/home/alrescha/Code/isoforks2/mannutest/APCisos.base/ce.1.218.APC.base.gff,3.0,0.19126698687886878
/home/alrescha/Code/isoforks2/mannutest/APCisos.base/ce.1.223.APC.base.gff,9.0,0.8857142857142857
/home/alrescha/Code/isoforks2/mannutest/APCisos.base/ce.1.224.APC.base.gff,9.0,0.17273282913055155
/home/alrescha/Code/isoforks2/mannutest/APCisos.base/ce.1.230.APC.base.gff,11.0,0.4857142857142857
/home/alrescha/Code/isoforks2/mannutest/APCisos.base/ce.1.233.APC.base.gff,8.0,1.0
/home/alrescha/Code/isoforks2/mannutest/APCisos.base/ce.1.234.APC.base.gff,12.0,0.11684472563182587
/home/alrescha/Code/isoforks2/mannutest/APCisos.base/ce.1.235.APC.base.gff,9.0,0.8857142857142857
/home/alrescha/Code/isoforks2/mannutest/APCisos.base/ce.1.238.APC.base.gff,12.0,1.0
/home/alrescha/Code/isoforks2/mannutest/APCisos.base/ce.1.243.APC.base.gff,6.0,0.6857142857142857
/home/alrescha/Code/isoforks2/mannutest/APCisos.base/ce.1.248.APC.base.gff,20.0,0.8181818181818182
/home/alrescha/Code/isoforks2/mannutest/APCisos.base/ce.1.25.APC.base.gff,12.0,0.34285714285714286
/home/alrescha/Code/isoforks2/mannutest/APCisos.base/ce.1.251.APC.base.gff,10.0,0.22649054028251026
/home/alrescha/Code/isoforks2/mannutest/APCisos.base/ce.1.255.APC.base.gff,5.0,0.4857142857142857
/home/alrescha/Code/isoforks2/mannutest/APCisos.base/ce.1.256.APC.base.gff,12.0,0.34285714285714286
/home/alrescha/Code/isoforks2/mannutest/APCisos.base/ce.1.258.APC.base.gff,10.0,0.6857142857142857
/home/alrescha/Code/isoforks2/mannutest/APCisos.base/ce.1.262.APC.base.gff,6.0,0.6857142857142857
/home/alrescha/Code/isoforks2/mannutest/APCisos.base/ce.1.270.APC.base.gff,6.0,0.6631172453203822
/home/alrescha/Code/isoforks2/mannutest/APCisos.base/ce.1.271.APC.base.gff,32.0,0.3705670479246522
/home/alrescha/Code/isoforks2/mannutest/APCisos.base/ce.1.275.APC.base.gff,29.0,0.6200466200466201
/home/alrescha/Code/isoforks2/mannutest/APCisos.base/ce.1.279.APC.base.gff,10.0,0.6751736149271245
/home/alrescha/Code/isoforks2/mannutest/APCisos.base/ce.1.28.APC.base.gff,6.0,0.6857142857142857
/home/alrescha/Code/isoforks2/mannutest/APCisos.base/ce.1.282.APC.base.gff,0.0,0.007494957516935239
/home/alrescha/Code/isoforks2/mannutest/APCisos.base/ce.1.284.APC.base.gff,15.0,0.6904761904761905
/home/alrescha/Code/isoforks2/mannutest/APCisos.base/ce.1.286.APC.base.gff,12.0,1.0
/home/alrescha/Code/isoforks2/mannutest/APCisos.base/ce.1.290.APC.base.gff,12.0,0.1164240425456285
/home/alrescha/Code/isoforks2/mannutest/APCisos.base/ce.1.291.APC.base.gff,4.0,0.08366602726012008
/home/alrescha/Code/isoforks2/mannutest/APCisos.base/ce.1.296.APC.base.gff,10.0,0.6857142857142857
/home/alrescha/Code/isoforks2/mannutest/APCisos.base/ce.1.299.APC.base.gff,6.0,0.6631172453203822
/home/alrescha/Code/isoforks2/mannutest/APCisos.base/ce.1.300.APC.base.gff,9.0,0.8857142857142857
/home/alrescha/Code/isoforks2/mannutest/APCisos.base/ce.1.301.APC.base.gff,20.0,0.14245669739409875
/home/alrescha/Code/isoforks2/mannutest/APCisos.base/ce.1.305.APC.base.gff,20.0,0.2198850299370857
/home/alrescha/Code/isoforks2/mannutest/APCisos.base/ce.1.307.APC.base.gff,31.0,0.016291735424725902
/home/alrescha/Code/isoforks2/mannutest/APCisos.base/ce.1.309.APC.base.gff,85.0,0.00015396798010637513
/home/alrescha/Code/isoforks2/mannutest/APCisos.base/ce.1.310.APC.base.gff,37.0,0.3410478297090864
/home/alrescha/Code/isoforks2/mannutest/APCisos.base/ce.1.316.APC.base.gff,12.0,0.34285714285714286
/home/alrescha/Code/isoforks2/mannutest/APCisos.base/ce.1.317.APC.base.gff,15.0,0.6868382188662738
/home/alrescha/Code/isoforks2/mannutest/APCisos.base/ce.1.320.APC.base.gff,6.0,0.6631172453203822
/home/alrescha/Code/isoforks2/mannutest/APCisos.base/ce.1.322.APC.base.gff,17.0,0.36577215340278635
/home/alrescha/Code/isoforks2/mannutest/APCisos.base/ce.1.323.APC.base.gff,53.0,0.106234845523176
/home/alrescha/Code/isoforks2/mannutest/APCisos.base/ce.1.325.APC.base.gff,46.0,0.6581817728117216
/home/alrescha/Code/isoforks2/mannutest/APCisos.base/ce.1.327.APC.base.gff,14.0,0.8412698412698413
/home/alrescha/Code/isoforks2/mannutest/APCisos.base/ce.1.331.APC.base.gff,28.0,0.13203463203463203
/home/alrescha/Code/isoforks2/mannutest/APCisos.base/ce.1.332.APC.base.gff,6.0,0.6631172453203822
/home/alrescha/Code/isoforks2/mannutest/APCisos.base/ce.1.335.APC.base.gff,60.0,1.0
/home/alrescha/Code/isoforks2/mannutest/APCisos.base/ce.1.336.APC.base.gff,51.0,0.9698045577720108
/home/alrescha/Code/isoforks2/mannutest/APCisos.base/ce.1.337.APC.base.gff,12.0,1.0
/home/alrescha/Code/isoforks2/mannutest/APCisos.base/ce.1.339.APC.base.gff,9.0,0.8857142857142857
/home/alrescha/Code/isoforks2/mannutest/APCisos.base/ce.1.340.APC.base.gff,26.0,0.5623719669710694
/home/alrescha/Code/isoforks2/mannutest/APCisos.base/ce.1.341.APC.base.gff,15.0,0.6868382188662738
/home/alrescha/Code/isoforks2/mannutest/APCisos.base/ce.1.342.APC.base.gff,21.0,0.26228635567320824
/home/alrescha/Code/isoforks2/mannutest/APCisos.base/ce.1.344.APC.base.gff,3.0,0.183150203156622
/home/alrescha/Code/isoforks2/mannutest/APCisos.base/ce.1.345.APC.base.gff,8.0,0.39761475195653073
/home/alrescha/Code/isoforks2/mannutest/APCisos.base/ce.1.346.APC.base.gff,12.0,1.0
/home/alrescha/Code/isoforks2/mannutest/APCisos.base/ce.1.348.APC.base.gff,15.0,0.6904761904761905
/home/alrescha/Code/isoforks2/mannutest/APCisos.base/ce.1.349.APC.base.gff,20.0,0.8098548786049068
/home/alrescha/Code/isoforks2/mannutest/APCisos.base/ce.1.350.APC.base.gff,149.0,0.00038091356432883185
/home/alrescha/Code/isoforks2/mannutest/APCisos.base/ce.1.352.APC.base.gff,8.0,1.0
/home/alrescha/Code/isoforks2/mannutest/APCisos.base/ce.1.353.APC.base.gff,14.0,0.5717930544204819
/home/alrescha/Code/isoforks2/mannutest/APCisos.base/ce.1.354.APC.base.gff,8.0,1.0
/home/alrescha/Code/isoforks2/mannutest/APCisos.base/ce.1.355.APC.base.gff,88.0,0.6599748442207567
/home/alrescha/Code/isoforks2/mannutest/APCisos.base/ce.1.356.APC.base.gff,18.0,1.0
/home/alrescha/Code/isoforks2/mannutest/APCisos.base/ce.1.361.APC.base.gff,3.0,0.051651746319216596
/home/alrescha/Code/isoforks2/mannutest/APCisos.base/ce.1.362.APC.base.gff,0.0,0.007494957516935239
/home/alrescha/Code/isoforks2/mannutest/APCisos.base/ce.1.365.APC.base.gff,174.0,0.017457429697261866
/home/alrescha/Code/isoforks2/mannutest/APCisos.base/ce.1.371.APC.base.gff,18.0,1.0
/home/alrescha/Code/isoforks2/mannutest/APCisos.base/ce.1.372.APC.base.gff,64.0,0.004507304559912841
/home/alrescha/Code/isoforks2/mannutest/APCisos.base/ce.1.373.APC.base.gff,24.0,1.0
/home/alrescha/Code/isoforks2/mannutest/APCisos.base/ce.1.378.APC.base.gff,12.0,1.0
/home/alrescha/Code/isoforks2/mannutest/APCisos.base/ce.1.380.APC.base.gff,11.0,0.4857142857142857
/home/alrescha/Code/isoforks2/mannutest/APCisos.base/ce.1.381.APC.base.gff,25.0,0.30952380952380953
/home/alrescha/Code/isoforks2/mannutest/APCisos.base/ce.1.382.APC.base.gff,3.0,0.183150203156622
/home/alrescha/Code/isoforks2/mannutest/APCisos.base/ce.1.383.APC.base.gff,9.0,0.8857142857142857
/home/alrescha/Code/isoforks2/mannutest/APCisos.base/ce.1.389.APC.base.gff,15.0,0.6904761904761905
/home/alrescha/Code/isoforks2/mannutest/APCisos.base/ce.1.391.APC.base.gff,12.0,1.0
/home/alrescha/Code/isoforks2/mannutest/APCisos.base/ce.1.392.APC.base.gff,86.0,0.04210384317040174
/home/alrescha/Code/isoforks2/mannutest/APCisos.base/ce.1.393.APC.base.gff,75.0,0.0429234421940588
/home/alrescha/Code/isoforks2/mannutest/APCisos.base/ce.1.394.APC.base.gff,15.0,0.6863110758915425
/home/alrescha/Code/isoforks2/mannutest/APCisos.base/ce.1.396.APC.base.gff,27.0,0.6339972307873878
/home/alrescha/Code/isoforks2/mannutest/APCisos.base/ce.1.399.APC.base.gff,43.0,2.0912987480764944e-16
/home/alrescha/Code/isoforks2/mannutest/APCisos.base/ce.1.401.APC.base.gff,9.0,0.8857142857142857
/home/alrescha/Code/isoforks2/mannutest/APCisos.base/ce.1.403.APC.base.gff,12.0,0.1164240425456285
/home/alrescha/Code/isoforks2/mannutest/APCisos.base/ce.1.404.APC.base.gff,8.0,1.0
/home/alrescha/Code/isoforks2/mannutest/APCisos.base/ce.1.405.APC.base.gff,130.0,2.8823631540697537e-06
/home/alrescha/Code/isoforks2/mannutest/APCisos.base/ce.1.406.APC.base.gff,0.0,0.025580146726954023
/home/alrescha/Code/isoforks2/mannutest/APCisos.base/ce.1.407.APC.base.gff,19.0,0.18236282391128067
/home/alrescha/Code/isoforks2/mannutest/APCisos.base/ce.1.408.APC.base.gff,6.0,0.6552321995577775
/home/alrescha/Code/isoforks2/mannutest/APCisos.base/ce.1.412.APC.base.gff,42.0,0.3180689668505534
/home/alrescha/Code/isoforks2/mannutest/APCisos.base/ce.1.420.APC.base.gff,16.0,0.3013119210149324
/home/alrescha/Code/isoforks2/mannutest/APCisos.base/ce.1.421.APC.base.gff,9.0,0.16589128070549863
/home/alrescha/Code/isoforks2/mannutest/APCisos.base/ce.1.422.APC.base.gff,0.0,0.00277843011009903
/home/alrescha/Code/isoforks2/mannutest/APCisos.base/ce.1.423.APC.base.gff,4.0,0.08366602726012008
/home/alrescha/Code/isoforks2/mannutest/APCisos.base/ce.1.425.APC.base.gff,17.0,0.12104300855811127
/home/alrescha/Code/isoforks2/mannutest/APCisos.base/ce.1.426.APC.base.gff,9.0,0.8857142857142857
/home/alrescha/Code/isoforks2/mannutest/APCisos.base/ce.1.427.APC.base.gff,0.0,0.021070570134378658
/home/alrescha/Code/isoforks2/mannutest/APCisos.base/ce.1.43.APC.base.gff,7.0,0.8857142857142857
/home/alrescha/Code/isoforks2/mannutest/APCisos.base/ce.1.432.APC.base.gff,35.0,0.2664652843132672
/home/alrescha/Code/isoforks2/mannutest/APCisos.base/ce.1.433.APC.base.gff,33.0,0.022359484440084707
/home/alrescha/Code/isoforks2/mannutest/APCisos.base/ce.1.436.APC.base.gff,34.0,0.8747345961020656
/home/alrescha/Code/isoforks2/mannutest/APCisos.base/ce.1.437.APC.base.gff,22.0,0.7974247416578414
/home/alrescha/Code/isoforks2/mannutest/APCisos.base/ce.1.438.APC.base.gff,0.0,0.007494957516935239
/home/alrescha/Code/isoforks2/mannutest/APCisos.base/ce.1.442.APC.base.gff,9.0,0.16589128070549863
/home/alrescha/Code/isoforks2/mannutest/APCisos.base/ce.1.443.APC.base.gff,11.0,0.834035229790992
/home/alrescha/Code/isoforks2/mannutest/APCisos.base/ce.1.446.APC.base.gff,6.0,0.6631172453203822
/home/alrescha/Code/isoforks2/mannutest/APCisos.base/ce.1.447.APC.base.gff,8.0,0.39761475195653073
/home/alrescha/Code/isoforks2/mannutest/APCisos.base/ce.1.450.APC.base.gff,4.0,0.024992062539502098
/home/alrescha/Code/isoforks2/mannutest/APCisos.base/ce.1.452.APC.base.gff,18.0,0.43821080248252353
/home/alrescha/Code/isoforks2/mannutest/APCisos.base/ce.1.453.APC.base.gff,30.0,0.06493506493506493
/home/alrescha/Code/isoforks2/mannutest/APCisos.base/ce.1.455.APC.base.gff,11.0,0.834035229790992
/home/alrescha/Code/isoforks2/mannutest/APCisos.base/ce.1.457.APC.base.gff,14.0,0.05836421594446627
/home/alrescha/Code/isoforks2/mannutest/APCisos.base/ce.1.459.APC.base.gff,17.0,0.9372294372294373
/home/alrescha/Code/isoforks2/mannutest/APCisos.base/ce.1.461.APC.base.gff,7.0,0.8857142857142857
/home/alrescha/Code/isoforks2/mannutest/APCisos.base/ce.1.463.APC.base.gff,33.0,0.022267144288956774
/home/alrescha/Code/isoforks2/mannutest/APCisos.base/ce.1.464.APC.base.gff,18.0,0.1501208222419232
/home/alrescha/Code/isoforks2/mannutest/APCisos.base/ce.1.465.APC.base.gff,12.0,0.11684472563182587
/home/alrescha/Code/isoforks2/mannutest/APCisos.base/ce.1.467.APC.base.gff,3.0,0.183150203156622
/home/alrescha/Code/isoforks2/mannutest/APCisos.base/ce.1.469.APC.base.gff,4.0,0.08466977720597225
/home/alrescha/Code/isoforks2/mannutest/APCisos.base/ce.1.472.APC.base.gff,23.0,0.48484848484848486
/home/alrescha/Code/isoforks2/mannutest/APCisos.base/ce.1.474.APC.base.gff,9.0,0.8857142857142857
/home/alrescha/Code/isoforks2/mannutest/APCisos.base/ce.1.477.APC.base.gff,5.0,0.46782507728497025
/home/alrescha/Code/isoforks2/mannutest/APCisos.base/ce.1.478.APC.base.gff,6.0,0.6631172453203822
/home/alrescha/Code/isoforks2/mannutest/APCisos.base/ce.1.479.APC.base.gff,0.0,2.5376882928366753e-05
/home/alrescha/Code/isoforks2/mannutest/APCisos.base/ce.1.480.APC.base.gff,8.0,0.39761475195653073
/home/alrescha/Code/isoforks2/mannutest/APCisos.base/ce.1.481.APC.base.gff,11.0,0.0893501473953888
/home/alrescha/Code/isoforks2/mannutest/APCisos.base/ce.1.482.APC.base.gff,3.0,0.183150203156622
/home/alrescha/Code/isoforks2/mannutest/APCisos.base/ce.1.485.APC.base.gff,8.0,1.0
/home/alrescha/Code/isoforks2/mannutest/APCisos.base/ce.1.486.APC.base.gff,8.0,0.3961439091520741
/home/alrescha/Code/isoforks2/mannutest/APCisos.base/ce.1.490.APC.base.gff,12.0,1.0
/home/alrescha/Code/isoforks2/mannutest/APCisos.base/ce.1.493.APC.base.gff,12.0,1.0
/home/alrescha/Code/isoforks2/mannutest/APCisos.base/ce.1.497.APC.base.gff,28.0,0.000277183896334087
/home/alrescha/Code/isoforks2/mannutest/APCisos.base/ce.1.501.APC.base.gff,116.0,0.1453797395087837
/home/alrescha/Code/isoforks2/mannutest/APCisos.base/ce.1.503.APC.base.gff,4.0,0.08466977720597225
/home/alrescha/Code/isoforks2/mannutest/APCisos.base/ce.1.504.APC.base.gff,3.0,0.183150203156622
/home/alrescha/Code/isoforks2/mannutest/APCisos.base/ce.1.505.APC.base.gff,19.0,0.05892266466998812
/home/alrescha/Code/isoforks2/mannutest/APCisos.base/ce.1.506.APC.base.gff,56.0,0.01707266109378839
/home/alrescha/Code/isoforks2/mannutest/APCisos.base/ce.1.507.APC.base.gff,0.0,0.0010575750839325214
/home/alrescha/Code/isoforks2/mannutest/APCisos.base/ce.1.509.APC.base.gff,0.0,0.026518721959430728
/home/alrescha/Code/isoforks2/mannutest/APCisos.base/ce.1.510.APC.base.gff,7.0,0.8857142857142857
/home/alrescha/Code/isoforks2/mannutest/APCisos.base/ce.1.512.APC.base.gff,3.0,0.183150203156622
/home/alrescha/Code/isoforks2/mannutest/APCisos.base/ce.1.513.APC.base.gff,0.0,0.021070570134378658
/home/alrescha/Code/isoforks2/mannutest/APCisos.base/ce.1.515.APC.base.gff,6.0,0.6631172453203822
/home/alrescha/Code/isoforks2/mannutest/APCisos.base/ce.1.516.APC.base.gff,3.0,0.183150203156622
/home/alrescha/Code/isoforks2/mannutest/APCisos.base/ce.1.517.APC.base.gff,4.0,0.08466977720597225
/home/alrescha/Code/isoforks2/mannutest/APCisos.base/ce.1.518.APC.base.gff,11.0,0.2945516289943739
/home/alrescha/Code/isoforks2/mannutest/APCisos.base/ce.1.519.APC.base.gff,10.0,0.22067136191984682
/home/alrescha/Code/isoforks2/mannutest/APCisos.base/ce.1.521.APC.base.gff,64.0,0.0424826765471984
/home/alrescha/Code/isoforks2/mannutest/APCisos.base/ce.1.524.APC.base.gff,3.0,0.19126698687886878
/home/alrescha/Code/isoforks2/mannutest/APCisos.base/ce.1.526.APC.base.gff,6.0,0.6631172453203822
/home/alrescha/Code/isoforks2/mannutest/APCisos.base/ce.1.527.APC.base.gff,8.0,0.0030589272537538312
/home/alrescha/Code/isoforks2/mannutest/APCisos.base/ce.1.529.APC.base.gff,18.0,0.43821080248252353
/home/alrescha/Code/isoforks2/mannutest/APCisos.base/ce.1.533.APC.base.gff,14.0,0.018019464415734453
/home/alrescha/Code/isoforks2/mannutest/APCisos.base/ce.1.535.APC.base.gff,9.0,0.5296192990034517
/home/alrescha/Code/isoforks2/mannutest/APCisos.base/ce.1.539.APC.base.gff,138.0,0.03540105151949847
/home/alrescha/Code/isoforks2/mannutest/APCisos.base/ce.1.54.APC.base.gff,12.0,1.0
/home/alrescha/Code/isoforks2/mannutest/APCisos.base/ce.1.540.APC.base.gff,6.0,0.01667166927900365
/home/alrescha/Code/isoforks2/mannutest/APCisos.base/ce.1.542.APC.base.gff,0.0,0.007494957516935239
/home/alrescha/Code/isoforks2/mannutest/APCisos.base/ce.1.543.APC.base.gff,20.0,0.006488218247762416
/home/alrescha/Code/isoforks2/mannutest/APCisos.base/ce.1.545.APC.base.gff,5.0,0.03758071068136463
/home/alrescha/Code/isoforks2/mannutest/APCisos.base/ce.1.57.APC.base.gff,11.0,0.4857142857142857
/home/alrescha/Code/isoforks2/mannutest/APCisos.base/ce.1.63.APC.base.gff,12.0,0.34285714285714286
/home/alrescha/Code/isoforks2/mannutest/APCisos.base/ce.1.75.APC.base.gff,42.0,0.32820512820512815
/home/alrescha/Code/isoforks2/mannutest/APCisos.base/ce.1.77.APC.base.gff,9.0,0.8857142857142857
/home/alrescha/Code/isoforks2/mannutest/APCisos.base/ce.1.8.APC.base.gff,6.0,0.6857142857142857
/home/alrescha/Code/isoforks2/mannutest/APCisos.base/ce.1.82.APC.base.gff,3.0,0.2
/home/alrescha/Code/isoforks2/mannutest/APCisos.base/ce.1.88.APC.base.gff,19.0,0.06368977513662868
/home/alrescha/Code/isoforks2/mannutest/APCisos.base/ce.1.94.APC.base.gff,10.0,0.6857142857142857
/home/alrescha/Code/isoforks2/mannutest/APCisos.base/ce.2.0.APC.base.gff,8.0,1.0
/home/alrescha/Code/isoforks2/mannutest/APCisos.base/ce.2.1.APC.base.gff,7.0,0.8857142857142857
/home/alrescha/Code/isoforks2/mannutest/APCisos.base/ce.2.100.APC.base.gff,52.0,0.3311374592689704
/home/alrescha/Code/isoforks2/mannutest/APCisos.base/ce.2.101.APC.base.gff,18.0,1.0
/home/alrescha/Code/isoforks2/mannutest/APCisos.base/ce.2.103.APC.base.gff,19.0,0.9372294372294373
/home/alrescha/Code/isoforks2/mannutest/APCisos.base/ce.2.105.APC.base.gff,41.0,0.024284004443187013
/home/alrescha/Code/isoforks2/mannutest/APCisos.base/ce.2.106.APC.base.gff,50.0,1.0
/home/alrescha/Code/isoforks2/mannutest/APCisos.base/ce.2.108.APC.base.gff,112.0,0.2658753437865634
/home/alrescha/Code/isoforks2/mannutest/APCisos.base/ce.2.109.APC.base.gff,80.0,0.2119064681465287
/home/alrescha/Code/isoforks2/mannutest/APCisos.base/ce.2.11.APC.base.gff,6.0,0.6857142857142857
/home/alrescha/Code/isoforks2/mannutest/APCisos.base/ce.2.111.APC.base.gff,60.0,0.5034552769818403
/home/alrescha/Code/isoforks2/mannutest/APCisos.base/ce.2.112.APC.base.gff,6.0,0.6857142857142857
/home/alrescha/Code/isoforks2/mannutest/APCisos.base/ce.2.113.APC.base.gff,19.0,0.9372294372294373
/home/alrescha/Code/isoforks2/mannutest/APCisos.base/ce.2.114.APC.base.gff,11.0,0.08861400686674191
/home/alrescha/Code/isoforks2/mannutest/APCisos.base/ce.2.115.APC.base.gff,9.0,0.5476190476190477
/home/alrescha/Code/isoforks2/mannutest/APCisos.base/ce.2.116.APC.base.gff,8.0,0.42063492063492064
/home/alrescha/Code/isoforks2/mannutest/APCisos.base/ce.2.117.APC.base.gff,16.0,0.8098548786049068
/home/alrescha/Code/isoforks2/mannutest/APCisos.base/ce.2.118.APC.base.gff,13.0,0.4696126238502669
/home/alrescha/Code/isoforks2/mannutest/APCisos.base/ce.2.119.APC.base.gff,8.0,0.1255302702634152
/home/alrescha/Code/isoforks2/mannutest/APCisos.base/ce.2.12.APC.base.gff,63.0,0.8953967262243601
/home/alrescha/Code/isoforks2/mannutest/APCisos.base/ce.2.120.APC.base.gff,6.0,0.6857142857142857
/home/alrescha/Code/isoforks2/mannutest/APCisos.base/ce.2.121.APC.base.gff,8.0,1.0
/home/alrescha/Code/isoforks2/mannutest/APCisos.base/ce.2.124.APC.base.gff,6.0,0.6857142857142857
/home/alrescha/Code/isoforks2/mannutest/APCisos.base/ce.2.125.APC.base.gff,15.0,0.24489964743590764
/home/alrescha/Code/isoforks2/mannutest/APCisos.base/ce.2.126.APC.base.gff,28.0,0.2842893298762187
/home/alrescha/Code/isoforks2/mannutest/APCisos.base/ce.2.127.APC.base.gff,20.0,0.8181818181818182
/home/alrescha/Code/isoforks2/mannutest/APCisos.base/ce.2.128.APC.base.gff,47.0,0.15304188415882009
/home/alrescha/Code/isoforks2/mannutest/APCisos.base/ce.2.129.APC.base.gff,53.0,0.28831753089610856
/home/alrescha/Code/isoforks2/mannutest/APCisos.base/ce.2.130.APC.base.gff,4.0,0.34285714285714286
/home/alrescha/Code/isoforks2/mannutest/APCisos.base/ce.2.131.APC.base.gff,78.0,0.1553506258085684
/home/alrescha/Code/isoforks2/mannutest/APCisos.base/ce.2.132.APC.base.gff,9.0,0.5296192990034517
/home/alrescha/Code/isoforks2/mannutest/APCisos.base/ce.2.133.APC.base.gff,6.0,0.6857142857142857
/home/alrescha/Code/isoforks2/mannutest/APCisos.base/ce.2.134.APC.base.gff,12.0,0.3751171348317355
/home/alrescha/Code/isoforks2/mannutest/APCisos.base/ce.2.135.APC.base.gff,8.0,1.0
/home/alrescha/Code/isoforks2/mannutest/APCisos.base/ce.2.136.APC.base.gff,34.0,0.08597680249062128
/home/alrescha/Code/isoforks2/mannutest/APCisos.base/ce.2.137.APC.base.gff,15.0,0.24436894869769366
/home/alrescha/Code/isoforks2/mannutest/APCisos.base/ce.2.138.APC.base.gff,21.0,0.7011653274181554
/home/alrescha/Code/isoforks2/mannutest/APCisos.base/ce.2.140.APC.base.gff,36.0,0.10885642475427412
/home/alrescha/Code/isoforks2/mannutest/APCisos.base/ce.2.142.APC.base.gff,160.0,0.96193721299223
/home/alrescha/Code/isoforks2/mannutest/APCisos.base/ce.2.143.APC.base.gff,39.0,0.49451899222757123
/home/alrescha/Code/isoforks2/mannutest/APCisos.base/ce.2.144.APC.base.gff,16.0,0.8098548786049068
/home/alrescha/Code/isoforks2/mannutest/APCisos.base/ce.2.145.APC.base.gff,27.0,0.6352562959972483
/home/alrescha/Code/isoforks2/mannutest/APCisos.base/ce.2.146.APC.base.gff,18.0,1.0
/home/alrescha/Code/isoforks2/mannutest/APCisos.base/ce.2.147.APC.base.gff,6.0,0.2222222222222222
/home/alrescha/Code/isoforks2/mannutest/APCisos.base/ce.2.148.APC.base.gff,6.0,0.6857142857142857
/home/alrescha/Code/isoforks2/mannutest/APCisos.base/ce.2.149.APC.base.gff,45.0,0.732761746219767
/home/alrescha/Code/isoforks2/mannutest/APCisos.base/ce.2.15.APC.base.gff,39.0,0.5053613053613053
/home/alrescha/Code/isoforks2/mannutest/APCisos.base/ce.2.150.APC.base.gff,23.0,0.3706183398171955
/home/alrescha/Code/isoforks2/mannutest/APCisos.base/ce.2.151.APC.base.gff,406.0,1.6086543580450063e-05
/home/alrescha/Code/isoforks2/mannutest/APCisos.base/ce.2.152.APC.base.gff,8.0,0.42063492063492064
/home/alrescha/Code/isoforks2/mannutest/APCisos.base/ce.2.153.APC.base.gff,19.0,0.18269447121494797
/home/alrescha/Code/isoforks2/mannutest/APCisos.base/ce.2.154.APC.base.gff,30.0,0.8744592481051268
/home/alrescha/Code/isoforks2/mannutest/APCisos.base/ce.2.156.APC.base.gff,23.0,0.8982154826854546
/home/alrescha/Code/isoforks2/mannutest/APCisos.base/ce.2.157.APC.base.gff,67.0,0.7949249785580238
/home/alrescha/Code/isoforks2/mannutest/APCisos.base/ce.2.16.APC.base.gff,27.0,0.6362542681663956
/home/alrescha/Code/isoforks2/mannutest/APCisos.base/ce.2.160.APC.base.gff,9.0,0.8857142857142857
/home/alrescha/Code/isoforks2/mannutest/APCisos.base/ce.2.161.APC.base.gff,336.0,0.18662641767964994
/home/alrescha/Code/isoforks2/mannutest/APCisos.base/ce.2.162.APC.base.gff,4.0,0.34285714285714286
/home/alrescha/Code/isoforks2/mannutest/APCisos.base/ce.2.163.APC.base.gff,37.0,0.6362542681663956
/home/alrescha/Code/isoforks2/mannutest/APCisos.base/ce.2.164.APC.base.gff,82.0,0.9179869873746536
/home/alrescha/Code/isoforks2/mannutest/APCisos.base/ce.2.165.APC.base.gff,6.0,0.6857142857142857
/home/alrescha/Code/isoforks2/mannutest/APCisos.base/ce.2.166.APC.base.gff,43.0,0.859819205054158
/home/alrescha/Code/isoforks2/mannutest/APCisos.base/ce.2.167.APC.base.gff,16.0,0.3045497166874136
/home/alrescha/Code/isoforks2/mannutest/APCisos.base/ce.2.168.APC.base.gff,30.0,0.8744592481051268
/home/alrescha/Code/isoforks2/mannutest/APCisos.base/ce.2.169.APC.base.gff,12.0,0.3751171348317355
/home/alrescha/Code/isoforks2/mannutest/APCisos.base/ce.2.171.APC.base.gff,16.0,0.8098548786049068
/home/alrescha/Code/isoforks2/mannutest/APCisos.base/ce.2.173.APC.base.gff,96.0,0.09515954798847152
/home/alrescha/Code/isoforks2/mannutest/APCisos.base/ce.2.175.APC.base.gff,61.0,0.42665907124897295
/home/alrescha/Code/isoforks2/mannutest/APCisos.base/ce.2.176.APC.base.gff,11.0,0.8412698412698413
/home/alrescha/Code/isoforks2/mannutest/APCisos.base/ce.2.177.APC.base.gff,25.0,1.0
/home/alrescha/Code/isoforks2/mannutest/APCisos.base/ce.2.178.APC.base.gff,12.0,0.34285714285714286
/home/alrescha/Code/isoforks2/mannutest/APCisos.base/ce.2.179.APC.base.gff,85.0,0.5626166386851016
/home/alrescha/Code/isoforks2/mannutest/APCisos.base/ce.2.18.APC.base.gff,15.0,0.6904761904761905
/home/alrescha/Code/isoforks2/mannutest/APCisos.base/ce.2.181.APC.base.gff,49.0,0.18836193931621747
/home/alrescha/Code/isoforks2/mannutest/APCisos.base/ce.2.182.APC.base.gff,28.0,0.2842893298762187
/home/alrescha/Code/isoforks2/mannutest/APCisos.base/ce.2.183.APC.base.gff,10.0,0.06732244106693766
/home/alrescha/Code/isoforks2/mannutest/APCisos.base/ce.2.185.APC.base.gff,12.0,0.035488584122252684
/home/alrescha/Code/isoforks2/mannutest/APCisos.base/ce.2.186.APC.base.gff,15.0,0.6904761904761905
/home/alrescha/Code/isoforks2/mannutest/APCisos.base/ce.2.187.APC.base.gff,19.0,0.5206030654464362
/home/alrescha/Code/isoforks2/mannutest/APCisos.base/ce.2.188.APC.base.gff,238.0,0.9341245400452147
/home/alrescha/Code/isoforks2/mannutest/APCisos.base/ce.2.189.APC.base.gff,18.0,1.0
/home/alrescha/Code/isoforks2/mannutest/APCisos.base/ce.2.19.APC.base.gff,20.0,0.8098548786049068
/home/alrescha/Code/isoforks2/mannutest/APCisos.base/ce.2.191.APC.base.gff,4.0,0.30942406036465897
/home/alrescha/Code/isoforks2/mannutest/APCisos.base/ce.2.192.APC.base.gff,28.0,0.2868143007841034
/home/alrescha/Code/isoforks2/mannutest/APCisos.base/ce.2.194.APC.base.gff,11.0,0.2945516289943739
/home/alrescha/Code/isoforks2/mannutest/APCisos.base/ce.2.195.APC.base.gff,20.0,0.07204581395266184
/home/alrescha/Code/isoforks2/mannutest/APCisos.base/ce.2.196.APC.base.gff,8.0,1.0
/home/alrescha/Code/isoforks2/mannutest/APCisos.base/ce.2.197.APC.base.gff,4.0,0.30942406036465897
/home/alrescha/Code/isoforks2/mannutest/APCisos.base/ce.2.198.APC.base.gff,274.0,0.11542870590992337
/home/alrescha/Code/isoforks2/mannutest/APCisos.base/ce.2.199.APC.base.gff,7.0,0.8857142857142857
/home/alrescha/Code/isoforks2/mannutest/APCisos.base/ce.2.2.APC.base.gff,25.0,0.5053613053613053
/home/alrescha/Code/isoforks2/mannutest/APCisos.base/ce.2.20.APC.base.gff,17.0,0.3705670479246522
/home/alrescha/Code/isoforks2/mannutest/APCisos.base/ce.2.200.APC.base.gff,24.0,0.4271333430606493
/home/alrescha/Code/isoforks2/mannutest/APCisos.base/ce.2.201.APC.base.gff,20.0,0.6076975811301096
/home/alrescha/Code/isoforks2/mannutest/APCisos.base/ce.2.202.APC.base.gff,25.0,1.0
/home/alrescha/Code/isoforks2/mannutest/APCisos.base/ce.2.203.APC.base.gff,42.0,0.0845836229873316
/home/alrescha/Code/isoforks2/mannutest/APCisos.base/ce.2.205.APC.base.gff,12.0,0.0353460965737632
/home/alrescha/Code/isoforks2/mannutest/APCisos.base/ce.2.206.APC.base.gff,12.0,1.0
/home/alrescha/Code/isoforks2/mannutest/APCisos.base/ce.2.207.APC.base.gff,80.0,0.664663088124626
/home/alrescha/Code/isoforks2/mannutest/APCisos.base/ce.2.208.APC.base.gff,15.0,0.6884038632756921
/home/alrescha/Code/isoforks2/mannutest/APCisos.base/ce.2.209.APC.base.gff,7.0,0.2948019919337048
/home/alrescha/Code/isoforks2/mannutest/APCisos.base/ce.2.210.APC.base.gff,6.0,0.20450053332564166
/home/alrescha/Code/isoforks2/mannutest/APCisos.base/ce.2.211.APC.base.gff,26.0,0.8982154826854546
/home/alrescha/Code/isoforks2/mannutest/APCisos.base/ce.2.212.APC.base.gff,10.0,0.6751736149271245
/home/alrescha/Code/isoforks2/mannutest/APCisos.base/ce.2.213.APC.base.gff,47.0,0.5960519337626051
/home/alrescha/Code/isoforks2/mannutest/APCisos.base/ce.2.214.APC.base.gff,32.0,0.18003958217972316
/home/alrescha/Code/isoforks2/mannutest/APCisos.base/ce.2.215.APC.base.gff,44.0,0.10788764811631792
/home/alrescha/Code/isoforks2/mannutest/APCisos.base/ce.2.216.APC.base.gff,23.0,0.8982154826854546
/home/alrescha/Code/isoforks2/mannutest/APCisos.base/ce.2.218.APC.base.gff,20.0,0.6076975811301096
/home/alrescha/Code/isoforks2/mannutest/APCisos.base/ce.2.22.APC.base.gff,30.0,0.3762376593385316
/home/alrescha/Code/isoforks2/mannutest/APCisos.base/ce.2.220.APC.base.gff,166.0,0.0012801783715824602
/home/alrescha/Code/isoforks2/mannutest/APCisos.base/ce.2.221.APC.base.gff,20.0,0.22336453045184734
/home/alrescha/Code/isoforks2/mannutest/APCisos.base/ce.2.222.APC.base.gff,30.0,0.8743670611628918
/home/alrescha/Code/isoforks2/mannutest/APCisos.base/ce.2.223.APC.base.gff,35.0,0.6570148787268155
/home/alrescha/Code/isoforks2/mannutest/APCisos.base/ce.2.224.APC.base.gff,6.0,0.6857142857142857
/home/alrescha/Code/isoforks2/mannutest/APCisos.base/ce.2.226.APC.base.gff,26.0,0.5632366271431426
/home/alrescha/Code/isoforks2/mannutest/APCisos.base/ce.2.227.APC.base.gff,24.0,1.0
/home/alrescha/Code/isoforks2/mannutest/APCisos.base/ce.2.228.APC.base.gff,31.0,0.42437614830662107
/home/alrescha/Code/isoforks2/mannutest/APCisos.base/ce.2.229.APC.base.gff,20.0,0.07189344943683859
/home/alrescha/Code/isoforks2/mannutest/APCisos.base/ce.2.230.APC.base.gff,12.0,1.0
/home/alrescha/Code/isoforks2/mannutest/APCisos.base/ce.2.231.APC.base.gff,2.0,0.10375367752098565
/home/alrescha/Code/isoforks2/mannutest/APCisos.base/ce.2.233.APC.base.gff,15.0,0.6751736149271245
/home/alrescha/Code/isoforks2/mannutest/APCisos.base/ce.2.234.APC.base.gff,5.0,0.4857142857142857
/home/alrescha/Code/isoforks2/mannutest/APCisos.base/ce.2.235.APC.base.gff,24.0,0.4295368450634365
/home/alrescha/Code/isoforks2/mannutest/APCisos.base/ce.2.237.APC.base.gff,23.0,0.898103811758924
/home/alrescha/Code/isoforks2/mannutest/APCisos.base/ce.2.238.APC.base.gff,4.0,0.30942406036465897
/home/alrescha/Code/isoforks2/mannutest/APCisos.base/ce.2.239.APC.base.gff,18.0,1.0
/home/alrescha/Code/isoforks2/mannutest/APCisos.base/ce.2.240.APC.base.gff,15.0,0.6904761904761905
/home/alrescha/Code/isoforks2/mannutest/APCisos.base/ce.2.241.APC.base.gff,12.0,0.34285714285714286
/home/alrescha/Code/isoforks2/mannutest/APCisos.base/ce.2.242.APC.base.gff,8.0,0.1255302702634152
/home/alrescha/Code/isoforks2/mannutest/APCisos.base/ce.2.243.APC.base.gff,57.0,0.8436570411679833
/home/alrescha/Code/isoforks2/mannutest/APCisos.base/ce.2.244.APC.base.gff,6.0,0.6857142857142857
/home/alrescha/Code/isoforks2/mannutest/APCisos.base/ce.2.245.APC.base.gff,6.0,0.6857142857142857
/home/alrescha/Code/isoforks2/mannutest/APCisos.base/ce.2.246.APC.base.gff,16.0,0.8098548786049068
/home/alrescha/Code/isoforks2/mannutest/APCisos.base/ce.2.247.APC.base.gff,9.0,0.5296192990034517
/home/alrescha/Code/isoforks2/mannutest/APCisos.base/ce.2.248.APC.base.gff,21.0,0.08730237656936096
/home/alrescha/Code/isoforks2/mannutest/APCisos.base/ce.2.249.APC.base.gff,33.0,0.53416963600572
/home/alrescha/Code/isoforks2/mannutest/APCisos.base/ce.2.25.APC.base.gff,32.0,0.478791956598943
/home/alrescha/Code/isoforks2/mannutest/APCisos.base/ce.2.250.APC.base.gff,3.0,0.05241162867102868
/home/alrescha/Code/isoforks2/mannutest/APCisos.base/ce.2.251.APC.base.gff,13.0,0.47039300443864773
/home/alrescha/Code/isoforks2/mannutest/APCisos.base/ce.2.252.APC.base.gff,15.0,0.6884038632756921
/home/alrescha/Code/isoforks2/mannutest/APCisos.base/ce.2.253.APC.base.gff,20.0,0.22371031498676497
/home/alrescha/Code/isoforks2/mannutest/APCisos.base/ce.2.254.APC.base.gff,3.0,0.05241162867102868
/home/alrescha/Code/isoforks2/mannutest/APCisos.base/ce.2.256.APC.base.gff,6.0,0.6857142857142857
/home/alrescha/Code/isoforks2/mannutest/APCisos.base/ce.2.258.APC.base.gff,16.0,0.8098548786049068
/home/alrescha/Code/isoforks2/mannutest/APCisos.base/ce.2.259.APC.base.gff,4.0,0.34285714285714286
/home/alrescha/Code/isoforks2/mannutest/APCisos.base/ce.2.26.APC.base.gff,15.0,0.6904761904761905
/home/alrescha/Code/isoforks2/mannutest/APCisos.base/ce.2.261.APC.base.gff,59.0,0.07201500651204268
/home/alrescha/Code/isoforks2/mannutest/APCisos.base/ce.2.263.APC.base.gff,13.0,1.0
/home/alrescha/Code/isoforks2/mannutest/APCisos.base/ce.2.264.APC.base.gff,26.0,0.5623719669710694
/home/alrescha/Code/isoforks2/mannutest/APCisos.base/ce.2.265.APC.base.gff,82.0,0.0033255231203962333
/home/alrescha/Code/isoforks2/mannutest/APCisos.base/ce.2.267.APC.base.gff,9.0,0.5296192990034517
/home/alrescha/Code/isoforks2/mannutest/APCisos.base/ce.2.268.APC.base.gff,13.0,1.0
/home/alrescha/Code/isoforks2/mannutest/APCisos.base/ce.2.269.APC.base.gff,16.0,0.8098548786049068
/home/alrescha/Code/isoforks2/mannutest/APCisos.base/ce.2.270.APC.base.gff,32.0,1.0
/home/alrescha/Code/isoforks2/mannutest/APCisos.base/ce.2.271.APC.base.gff,25.0,0.30952380952380953
/home/alrescha/Code/isoforks2/mannutest/APCisos.base/ce.2.272.APC.base.gff,32.0,0.1797031451894049
/home/alrescha/Code/isoforks2/mannutest/APCisos.base/ce.2.273.APC.base.gff,39.0,0.05586947540366324
/home/alrescha/Code/isoforks2/mannutest/APCisos.base/ce.2.274.APC.base.gff,5.0,0.4857142857142857
/home/alrescha/Code/isoforks2/mannutest/APCisos.base/ce.2.275.APC.base.gff,6.0,0.6857142857142857
/home/alrescha/Code/isoforks2/mannutest/APCisos.base/ce.2.276.APC.base.gff,70.0,0.026736225410850266
/home/alrescha/Code/isoforks2/mannutest/APCisos.base/ce.2.277.APC.base.gff,18.0,0.1498118678116155
/home/alrescha/Code/isoforks2/mannutest/APCisos.base/ce.2.278.APC.base.gff,35.0,0.6570148787268155
/home/alrescha/Code/isoforks2/mannutest/APCisos.base/ce.2.279.APC.base.gff,12.0,1.0
/home/alrescha/Code/isoforks2/mannutest/APCisos.base/ce.2.280.APC.base.gff,19.0,0.5210657381912371
/home/alrescha/Code/isoforks2/mannutest/APCisos.base/ce.2.281.APC.base.gff,16.0,0.8098548786049068
/home/alrescha/Code/isoforks2/mannutest/APCisos.base/ce.2.282.APC.base.gff,70.0,0.9306254519444669
/home/alrescha/Code/isoforks2/mannutest/APCisos.base/ce.2.283.APC.base.gff,25.0,1.0
/home/alrescha/Code/isoforks2/mannutest/APCisos.base/ce.2.284.APC.base.gff,34.0,0.8746430148353899
/home/alrescha/Code/isoforks2/mannutest/APCisos.base/ce.2.285.APC.base.gff,339.0,2.821748649457695e-31
/home/alrescha/Code/isoforks2/mannutest/APCisos.base/ce.2.286.APC.base.gff,90.0,0.0023377023055023817
/home/alrescha/Code/isoforks2/mannutest/APCisos.base/ce.2.287.APC.base.gff,9.0,0.5296192990034517
/home/alrescha/Code/isoforks2/mannutest/APCisos.base/ce.2.288.APC.base.gff,8.0,1.0
/home/alrescha/Code/isoforks2/mannutest/APCisos.base/ce.2.289.APC.base.gff,12.0,0.3751171348317355
/home/alrescha/Code/isoforks2/mannutest/APCisos.base/ce.2.29.APC.base.gff,12.0,1.0
/home/alrescha/Code/isoforks2/mannutest/APCisos.base/ce.2.290.APC.base.gff,41.0,1.0
/home/alrescha/Code/isoforks2/mannutest/APCisos.base/ce.2.291.APC.base.gff,20.0,0.6076975811301096
/home/alrescha/Code/isoforks2/mannutest/APCisos.base/ce.2.292.APC.base.gff,54.0,0.6919325867793533
/home/alrescha/Code/isoforks2/mannutest/APCisos.base/ce.2.293.APC.base.gff,9.0,0.5296192990034517
/home/alrescha/Code/isoforks2/mannutest/APCisos.base/ce.2.294.APC.base.gff,25.0,1.0
/home/alrescha/Code/isoforks2/mannutest/APCisos.base/ce.2.295.APC.base.gff,9.0,0.5296192990034517
/home/alrescha/Code/isoforks2/mannutest/APCisos.base/ce.2.296.APC.base.gff,9.0,0.5296192990034517
/home/alrescha/Code/isoforks2/mannutest/APCisos.base/ce.2.3.APC.base.gff,29.0,0.6200466200466201
/home/alrescha/Code/isoforks2/mannutest/APCisos.base/ce.2.30.APC.base.gff,34.0,0.8784770784770783
/home/alrescha/Code/isoforks2/mannutest/APCisos.base/ce.2.31.APC.base.gff,92.0,0.7999000512138358
/home/alrescha/Code/isoforks2/mannutest/APCisos.base/ce.2.32.APC.base.gff,28.0,0.7103729603729605
/home/alrescha/Code/isoforks2/mannutest/APCisos.base/ce.2.33.APC.base.gff,12.0,1.0
/home/alrescha/Code/isoforks2/mannutest/APCisos.base/ce.2.34.APC.base.gff,4.0,0.30942406036465897
/home/alrescha/Code/isoforks2/mannutest/APCisos.base/ce.2.35.APC.base.gff,21.0,0.7011653274181554
/home/alrescha/Code/isoforks2/mannutest/APCisos.base/ce.2.36.APC.base.gff,9.0,0.5296192990034517
/home/alrescha/Code/isoforks2/mannutest/APCisos.base/ce.2.38.APC.base.gff,6.0,0.6631172453203822
/home/alrescha/Code/isoforks2/mannutest/APCisos.base/ce.2.39.APC.base.gff,6.0,0.6857142857142857
/home/alrescha/Code/isoforks2/mannutest/APCisos.base/ce.2.4.APC.base.gff,11.0,0.8412698412698413
/home/alrescha/Code/isoforks2/mannutest/APCisos.base/ce.2.40.APC.base.gff,54.0,0.25099827044292256
/home/alrescha/Code/isoforks2/mannutest/APCisos.base/ce.2.41.APC.base.gff,12.0,1.0
/home/alrescha/Code/isoforks2/mannutest/APCisos.base/ce.2.42.APC.base.gff,15.0,0.25932400932400934
/home/alrescha/Code/isoforks2/mannutest/APCisos.base/ce.2.43.APC.base.gff,16.0,0.3045497166874136
/home/alrescha/Code/isoforks2/mannutest/APCisos.base/ce.2.44.APC.base.gff,18.0,1.0
/home/alrescha/Code/isoforks2/mannutest/APCisos.base/ce.2.45.APC.base.gff,17.0,0.12471681574168626
/home/alrescha/Code/isoforks2/mannutest/APCisos.base/ce.2.46.APC.base.gff,9.0,0.5476190476190477
/home/alrescha/Code/isoforks2/mannutest/APCisos.base/ce.2.47.APC.base.gff,9.0,0.8857142857142857
/home/alrescha/Code/isoforks2/mannutest/APCisos.base/ce.2.48.APC.base.gff,29.0,0.7922976624962125
/home/alrescha/Code/isoforks2/mannutest/APCisos.base/ce.2.5.APC.base.gff,7.0,0.8857142857142857
/home/alrescha/Code/isoforks2/mannutest/APCisos.base/ce.2.50.APC.base.gff,12.0,0.3776423913808655
/home/alrescha/Code/isoforks2/mannutest/APCisos.base/ce.2.51.APC.base.gff,5.0,0.4857142857142857
/home/alrescha/Code/isoforks2/mannutest/APCisos.base/ce.2.52.APC.base.gff,24.0,0.43055788764465364
/home/alrescha/Code/isoforks2/mannutest/APCisos.base/ce.2.53.APC.base.gff,7.0,0.8857142857142857
/home/alrescha/Code/isoforks2/mannutest/APCisos.base/ce.2.54.APC.base.gff,57.0,0.1577043874630777
/home/alrescha/Code/isoforks2/mannutest/APCisos.base/ce.2.55.APC.base.gff,53.0,0.6437910711600734
/home/alrescha/Code/isoforks2/mannutest/APCisos.base/ce.2.56.APC.base.gff,8.0,1.0
/home/alrescha/Code/isoforks2/mannutest/APCisos.base/ce.2.57.APC.base.gff,48.0,0.9093136088968476
/home/alrescha/Code/isoforks2/mannutest/APCisos.base/ce.2.58.APC.base.gff,9.0,0.5296192990034517
/home/alrescha/Code/isoforks2/mannutest/APCisos.base/ce.2.59.APC.base.gff,6.0,0.6857142857142857
/home/alrescha/Code/isoforks2/mannutest/APCisos.base/ce.2.6.APC.base.gff,30.0,0.534965034965035
/home/alrescha/Code/isoforks2/mannutest/APCisos.base/ce.2.60.APC.base.gff,41.0,0.5187889558974479
/home/alrescha/Code/isoforks2/mannutest/APCisos.base/ce.2.61.APC.base.gff,12.0,1.0
/home/alrescha/Code/isoforks2/mannutest/APCisos.base/ce.2.62.APC.base.gff,37.0,0.6453768453768453
/home/alrescha/Code/isoforks2/mannutest/APCisos.base/ce.2.63.APC.base.gff,59.0,0.520366020896531
/home/alrescha/Code/isoforks2/mannutest/APCisos.base/ce.2.64.APC.base.gff,9.0,0.5476190476190477
/home/alrescha/Code/isoforks2/mannutest/APCisos.base/ce.2.65.APC.base.gff,12.0,1.0
/home/alrescha/Code/isoforks2/mannutest/APCisos.base/ce.2.66.APC.base.gff,23.0,0.9015151515151516
/home/alrescha/Code/isoforks2/mannutest/APCisos.base/ce.2.67.APC.base.gff,92.0,0.26013256823185393
/home/alrescha/Code/isoforks2/mannutest/APCisos.base/ce.2.68.APC.base.gff,29.0,0.6200466200466201
/home/alrescha/Code/isoforks2/mannutest/APCisos.base/ce.2.69.APC.base.gff,36.0,0.7129894874507409
/home/alrescha/Code/isoforks2/mannutest/APCisos.base/ce.2.7.APC.base.gff,12.0,1.0
/home/alrescha/Code/isoforks2/mannutest/APCisos.base/ce.2.70.APC.base.gff,11.0,0.834035229790992
/home/alrescha/Code/isoforks2/mannutest/APCisos.base/ce.2.71.APC.base.gff,6.0,0.6857142857142857
/home/alrescha/Code/isoforks2/mannutest/APCisos.base/ce.2.72.APC.base.gff,19.0,0.5210657381912371
/home/alrescha/Code/isoforks2/mannutest/APCisos.base/ce.2.74.APC.base.gff,8.0,1.0
/home/alrescha/Code/isoforks2/mannutest/APCisos.base/ce.2.75.APC.base.gff,97.0,0.9816434939038788
/home/alrescha/Code/isoforks2/mannutest/APCisos.base/ce.2.76.APC.base.gff,6.0,0.6857142857142857
/home/alrescha/Code/isoforks2/mannutest/APCisos.base/ce.2.77.APC.base.gff,251.0,4.4120608724626875e-08
/home/alrescha/Code/isoforks2/mannutest/APCisos.base/ce.2.79.APC.base.gff,5.0,0.4857142857142857
/home/alrescha/Code/isoforks2/mannutest/APCisos.base/ce.2.8.APC.base.gff,10.0,0.6904761904761905
/home/alrescha/Code/isoforks2/mannutest/APCisos.base/ce.2.80.APC.base.gff,17.0,0.9372294372294373
/home/alrescha/Code/isoforks2/mannutest/APCisos.base/ce.2.81.APC.base.gff,6.0,0.20450053332564166
/home/alrescha/Code/isoforks2/mannutest/APCisos.base/ce.2.82.APC.base.gff,22.0,0.7980806294582996
/home/alrescha/Code/isoforks2/mannutest/APCisos.base/ce.2.83.APC.base.gff,43.0,0.8597475663409357
/home/alrescha/Code/isoforks2/mannutest/APCisos.base/ce.2.84.APC.base.gff,9.0,0.5476190476190477
/home/alrescha/Code/isoforks2/mannutest/APCisos.base/ce.2.85.APC.base.gff,12.0,1.0
/home/alrescha/Code/isoforks2/mannutest/APCisos.base/ce.2.86.APC.base.gff,39.0,0.9294912236938482
/home/alrescha/Code/isoforks2/mannutest/APCisos.base/ce.2.87.APC.base.gff,31.0,0.45571095571095577
/home/alrescha/Code/isoforks2/mannutest/APCisos.base/ce.2.89.APC.base.gff,20.0,0.8181818181818182
/home/alrescha/Code/isoforks2/mannutest/APCisos.base/ce.2.9.APC.base.gff,13.0,0.48484848484848486
/home/alrescha/Code/isoforks2/mannutest/APCisos.base/ce.2.90.APC.base.gff,19.0,0.5224458272016163
/home/alrescha/Code/isoforks2/mannutest/APCisos.base/ce.2.91.APC.base.gff,116.0,0.6636643506698005
/home/alrescha/Code/isoforks2/mannutest/APCisos.base/ce.2.92.APC.base.gff,41.0,1.0
/home/alrescha/Code/isoforks2/mannutest/APCisos.base/ce.2.93.APC.base.gff,9.0,0.5296192990034517
/home/alrescha/Code/isoforks2/mannutest/APCisos.base/ce.2.94.APC.base.gff,22.0,0.7980806294582996
/home/alrescha/Code/isoforks2/mannutest/APCisos.base/ce.2.95.APC.base.gff,9.0,0.5476190476190477
/home/alrescha/Code/isoforks2/mannutest/APCisos.base/ce.2.98.APC.base.gff,19.0,0.9372294372294373
/home/alrescha/Code/isoforks2/mannutest/APCisos.base/ce.2.99.APC.base.gff,10.0,0.06700777475427472
/home/alrescha/Code/isoforks2/mannutest/APCisos.base/ce.3.0.APC.base.gff,29.0,0.7922976624962125
/home/alrescha/Code/isoforks2/mannutest/APCisos.base/ce.3.1.APC.base.gff,7.0,0.8857142857142857
/home/alrescha/Code/isoforks2/mannutest/APCisos.base/ce.3.10.APC.base.gff,49.0,0.9698272930212717
/home/alrescha/Code/isoforks2/mannutest/APCisos.base/ce.3.11.APC.base.gff,81.0,0.44618299883627577
/home/alrescha/Code/isoforks2/mannutest/APCisos.base/ce.3.12.APC.base.gff,27.0,0.6453768453768453
/home/alrescha/Code/isoforks2/mannutest/APCisos.base/ce.3.13.APC.base.gff,15.0,0.6991341991341992
/home/alrescha/Code/isoforks2/mannutest/APCisos.base/ce.3.15.APC.base.gff,16.0,0.8181818181818182
/home/alrescha/Code/isoforks2/mannutest/APCisos.base/ce.3.16.APC.base.gff,17.0,0.9372294372294373
/home/alrescha/Code/isoforks2/mannutest/APCisos.base/ce.3.17.APC.base.gff,24.0,0.4295368450634365
/home/alrescha/Code/isoforks2/mannutest/APCisos.base/ce.3.18.APC.base.gff,11.0,0.8412698412698413
/home/alrescha/Code/isoforks2/mannutest/APCisos.base/ce.3.19.APC.base.gff,103.0,0.3558026118531473
/home/alrescha/Code/isoforks2/mannutest/APCisos.base/ce.3.2.APC.base.gff,82.0,0.918155433708889
/home/alrescha/Code/isoforks2/mannutest/APCisos.base/ce.3.20.APC.base.gff,54.0,0.3102084628221997
/home/alrescha/Code/isoforks2/mannutest/APCisos.base/ce.3.22.APC.base.gff,18.0,1.0
/home/alrescha/Code/isoforks2/mannutest/APCisos.base/ce.3.23.APC.base.gff,52.0,0.9096880762234906
/home/alrescha/Code/isoforks2/mannutest/APCisos.base/ce.3.24.APC.base.gff,42.0,0.5687086229209692
/home/alrescha/Code/isoforks2/mannutest/APCisos.base/ce.3.25.APC.base.gff,18.0,0.4427868227659776
/home/alrescha/Code/isoforks2/mannutest/APCisos.base/ce.3.26.APC.base.gff,32.0,0.3828671328671329
/home/alrescha/Code/isoforks2/mannutest/APCisos.base/ce.3.27.APC.base.gff,34.0,0.8747345961020656
/home/alrescha/Code/isoforks2/mannutest/APCisos.base/ce.3.28.APC.base.gff,12.0,1.0
/home/alrescha/Code/isoforks2/mannutest/APCisos.base/ce.3.29.APC.base.gff,164.0,0.9620970672662692
/home/alrescha/Code/isoforks2/mannutest/APCisos.base/ce.3.30.APC.base.gff,22.0,0.7980806294582996
/home/alrescha/Code/isoforks2/mannutest/APCisos.base/ce.3.31.APC.base.gff,131.0,0.061455479039074445
/home/alrescha/Code/isoforks2/mannutest/APCisos.base/ce.3.32.APC.base.gff,189.0,0.4344290389185742
/home/alrescha/Code/isoforks2/mannutest/APCisos.base/ce.3.33.APC.base.gff,32.0,1.0
/home/alrescha/Code/isoforks2/mannutest/APCisos.base/ce.3.34.APC.base.gff,87.0,0.40229915448113795
/home/alrescha/Code/isoforks2/mannutest/APCisos.base/ce.3.35.APC.base.gff,27.0,0.6362542681663956
/home/alrescha/Code/isoforks2/mannutest/APCisos.base/ce.3.36.APC.base.gff,38.0,0.5737373737373737
/home/alrescha/Code/isoforks2/mannutest/APCisos.base/ce.3.37.APC.base.gff,47.0,0.8500510248972775
/home/alrescha/Code/isoforks2/mannutest/APCisos.base/ce.3.38.APC.base.gff,8.0,0.42063492063492064
/home/alrescha/Code/isoforks2/mannutest/APCisos.base/ce.3.39.APC.base.gff,6.0,0.6857142857142857
/home/alrescha/Code/isoforks2/mannutest/APCisos.base/ce.3.4.APC.base.gff,30.0,0.3762376593385316
/home/alrescha/Code/isoforks2/mannutest/APCisos.base/ce.3.40.APC.base.gff,108.0,0.6620377510637727
/home/alrescha/Code/isoforks2/mannutest/APCisos.base/ce.3.41.APC.base.gff,114.0,0.4762873731485736
/home/alrescha/Code/isoforks2/mannutest/APCisos.base/ce.3.42.APC.base.gff,18.0,1.0
/home/alrescha/Code/isoforks2/mannutest/APCisos.base/ce.3.43.APC.base.gff,16.0,0.3045497166874136
/home/alrescha/Code/isoforks2/mannutest/APCisos.base/ce.3.44.APC.base.gff,20.0,0.22371031498676497
/home/alrescha/Code/isoforks2/mannutest/APCisos.base/ce.3.45.APC.base.gff,15.0,0.6991341991341992
/home/alrescha/Code/isoforks2/mannutest/APCisos.base/ce.3.46.APC.base.gff,4.0,0.34285714285714286
/home/alrescha/Code/isoforks2/mannutest/APCisos.base/ce.3.47.APC.base.gff,27.0,0.8047785547785549
/home/alrescha/Code/isoforks2/mannutest/APCisos.base/ce.3.48.APC.base.gff,47.0,0.8499952484876381
/home/alrescha/Code/isoforks2/mannutest/APCisos.base/ce.3.49.APC.base.gff,12.0,0.3776423913808655
/home/alrescha/Code/isoforks2/mannutest/APCisos.base/ce.3.5.APC.base.gff,25.0,0.49451899222757123
/home/alrescha/Code/isoforks2/mannutest/APCisos.base/ce.3.50.APC.base.gff,20.0,0.6088863050232023
/home/alrescha/Code/isoforks2/mannutest/APCisos.base/ce.3.51.APC.base.gff,6.0,0.6857142857142857
/home/alrescha/Code/isoforks2/mannutest/APCisos.base/ce.3.52.APC.base.gff,21.0,0.7103729603729605
/home/alrescha/Code/isoforks2/mannutest/APCisos.base/ce.3.53.APC.base.gff,43.0,0.859819205054158
/home/alrescha/Code/isoforks2/mannutest/APCisos.base/ce.3.54.APC.base.gff,20.0,0.22336453045184734
/home/alrescha/Code/isoforks2/mannutest/APCisos.base/ce.3.55.APC.base.gff,30.0,0.8747345961020656
/home/alrescha/Code/isoforks2/mannutest/APCisos.base/ce.3.56.APC.base.gff,55.0,0.7337299956962472
/home/alrescha/Code/isoforks2/mannutest/APCisos.base/ce.3.57.APC.base.gff,3.0,0.2
/home/alrescha/Code/isoforks2/mannutest/APCisos.base/ce.3.58.APC.base.gff,49.0,0.4674489167260172
/home/alrescha/Code/isoforks2/mannutest/APCisos.base/ce.3.59.APC.base.gff,17.0,0.9360746770666198
/home/alrescha/Code/isoforks2/mannutest/APCisos.base/ce.3.6.APC.base.gff,28.0,0.7103729603729605
/home/alrescha/Code/isoforks2/mannutest/APCisos.base/ce.3.60.APC.base.gff,17.0,0.36898040905566154
/home/alrescha/Code/isoforks2/mannutest/APCisos.base/ce.3.62.APC.base.gff,12.0,1.0
/home/alrescha/Code/isoforks2/mannutest/APCisos.base/ce.3.63.APC.base.gff,156.0,0.48048952733719374
/home/alrescha/Code/isoforks2/mannutest/APCisos.base/ce.3.64.APC.base.gff,15.0,0.6884038632756921
/home/alrescha/Code/isoforks2/mannutest/APCisos.base/ce.3.65.APC.base.gff,86.0,0.5954553058031564
/home/alrescha/Code/isoforks2/mannutest/APCisos.base/ce.3.66.APC.base.gff,24.0,0.15339420681209628
/home/alrescha/Code/isoforks2/mannutest/APCisos.base/ce.3.67.APC.base.gff,16.0,0.8181818181818182
/home/alrescha/Code/isoforks2/mannutest/APCisos.base/ce.3.68.APC.base.gff,20.0,0.6088863050232023
/home/alrescha/Code/isoforks2/mannutest/APCisos.base/ce.3.69.APC.base.gff,67.0,0.7944873367169445
/home/alrescha/Code/isoforks2/mannutest/APCisos.base/ce.3.7.APC.base.gff,14.0,0.5887445887445888
/home/alrescha/Code/isoforks2/mannutest/APCisos.base/ce.3.8.APC.base.gff,124.0,0.8947182474500959
/home/alrescha/Code/isoforks2/mannutest/APCisos.base/ce.3.9.APC.base.gff,5.0,0.4857142857142857
/home/alrescha/Code/isoforks2/mannutest/APCisos.base/ce.4.0.APC.base.gff,28.0,0.7209013209013208
/home/alrescha/Code/isoforks2/mannutest/APCisos.base/ce.4.1.APC.base.gff,19.0,0.5224458272016163
/home/alrescha/Code/isoforks2/mannutest/APCisos.base/ce.4.2.APC.base.gff,47.0,0.3931680195635848
/home/alrescha/Code/isoforks2/mannutest/APCisos.base/ce.4.3.APC.base.gff,51.0,0.969838641404833
/home/alrescha/Code/isoforks2/mannutest/APCisos.base/ce.4.4.APC.base.gff,31.0,0.959129759129759
/home/alrescha/Code/isoforks2/mannutest/APCisos.base/ce.4.5.APC.base.gff,46.0,0.7910295772981756
/home/alrescha/Code/isoforks2/mannutest/APCisos.base/ce.4.6.APC.base.gff,63.0,0.62284796592314
/home/alrescha/Code/isoforks2/mannutest/APCisos.base/ce.4.7.APC.base.gff,77.0,0.056661611385083015
